<?xml version="1.0" encoding="UTF-8"?>
<metadata xml:lang="en"><Esri><CreaDate>20191010</CreaDate><CreaTime>15491300</CreaTime><ArcGISFormat>1.0</ArcGISFormat><SyncOnce>TRUE</SyncOnce><DataProperties><lineage><Process ToolSource="c:\program files (x86)\arcgis\desktop10.5\ArcToolbox\Toolboxes\Data Management Tools.tbx\DefineProjection" Date="20191003" Time="173024">DefineProjection "C:\Users\avogl\Dropbox\gis\MAP_region\Sub-basins\micro-watersheds_Rafa_25Jul2019\SubWS ProAgua v3.shp" PROJCS['WGS_1984_UTM_Zone_19S',GEOGCS['GCS_WGS_1984',DATUM['D_WGS_1984',SPHEROID['WGS_1984',6378137.0,298.257223563]],PRIMEM['Greenwich',0.0],UNIT['Degree',0.0174532925199433]],PROJECTION['Transverse_Mercator'],PARAMETER['False_Easting',500000.0],PARAMETER['False_Northing',10000000.0],PARAMETER['Central_Meridian',-69.0],PARAMETER['Scale_Factor',0.9996],PARAMETER['Latitude_Of_Origin',0.0],UNIT['Meter',1.0]]</Process><Process ToolSource="c:\program files\arcgis\desktop10.6\ArcToolbox\Toolboxes\Data Management Tools.tbx\CalculateField" Date="20191005" Time="224437">CalculateField SubWS_ProAgua_v3_clip_PEM RECLA 1 VB #</Process><Process ToolSource="c:\program files\arcgis\desktop10.6\ArcToolbox\Toolboxes\Data Management Tools.tbx\RepairGeometry" Date="20191005" Time="234356">RepairGeometry SubWS_ProAgua_v3_clip_PEM DELETE_NULL</Process><Process ToolSource="c:\program files\arcgis\desktop10.6\ArcToolbox\Toolboxes\Data Management Tools.tbx\RepairGeometry" Date="20191006" Time="002648">RepairGeometry SubWS_ProAgua_v3_clip_PEM DELETE_NULL</Process><Process ToolSource="c:\program files (x86)\arcgis\desktop10.5\ArcToolbox\Toolboxes\Data Management Tools.tbx\CalculateField" Date="20191010" Time="150249">CalculateField SubWS_ProAgua_v3_clip_PEM_GEOM difBP_kgha "[diff_BS_PR]/ [POLY_AREA]" VB #</Process><Process ToolSource="c:\program files (x86)\arcgis\desktop10.5\ArcToolbox\Toolboxes\Data Management Tools.tbx\CalculateField" Date="20191010" Time="155013">CalculateField SubWS_ProAgua_v3_clip_PEM_GEOM_SDR_results_PEOR-BASE diffBP_t_h [difBP_kgha] VB #</Process></lineage></DataProperties></Esri></metadata>
