<?xml version="1.0" encoding="UTF-8"?>
<metadata xml:lang="es"><Esri><CreaDate>20191010</CreaDate><CreaTime>16120600</CreaTime><ArcGISFormat>1.0</ArcGISFormat><SyncOnce>TRUE</SyncOnce><DataProperties><lineage><Process ToolSource="c:\program files\arcgis\desktop10.6\ArcToolbox\Toolboxes\Data Management Tools.tbx\RepairGeometry" Date="20191005" Time="235228">RepairGeometry C:\CHAUCHAS\LINO_PERU\LINO_PERU\SubWS_ProAgua\SubWS_ProAgua_v3_clip_TAH-COB.shp DELETE_NULL</Process><Process ToolSource="c:\program files\arcgis\desktop10.6\ArcToolbox\Toolboxes\Data Management Tools.tbx\CalculateField" Date="20191005" Time="235301">CalculateField SubWS_ProAgua_v3_clip_TAH-COB RECLA 1 VB #</Process><Process ToolSource="c:\program files\arcgis\desktop10.6\ArcToolbox\Toolboxes\Data Management Tools.tbx\RepairGeometry" Date="20191006" Time="002704">RepairGeometry SubWS_ProAgua_v3_clip_TAH-COB DELETE_NULL</Process><Process ToolSource="c:\program files (x86)\arcgis\desktop10.5\ArcToolbox\Toolboxes\Data Management Tools.tbx\CalculateField" Date="20191010" Time="160448">CalculateField SubWS_ProAgua_v3_clip_TAH-COB_GEOM DIFF_t_ha "[DIFF_BS_PR]/ [POLY_AREA]" VB #</Process></lineage></DataProperties></Esri></metadata>
